Method,Bait_Length,Component,NMF_Correlation
Chi2,30,1,-0.03973845476633954
Chi2,30,2,0.9999922571778037
Chi2,30,3,0.9993596762745632
Chi2,30,4,0.9941152355143488
Chi2,30,5,0.9939073159745967
Chi2,30,6,0.9986185568382359
Chi2,30,7,0.9709818673684285
Chi2,30,8,0.9937760804515609
Chi2,30,9,0.8522496874365962
Chi2,30,10,0.9685967329286258
Chi2,30,11,0.9983108416440232
Chi2,30,12,0.9597926838726892
Chi2,30,13,0.991064619496605
Chi2,30,14,0.9981994759864632
F_classif,30,1,-0.037054976517985866
F_classif,30,2,0.9999946555677955
F_classif,30,3,0.9994185394566415
F_classif,30,4,0.9941764067800696
F_classif,30,5,0.9937821786575166
F_classif,30,6,0.9986461666682639
F_classif,30,7,0.9699063365482838
F_classif,30,8,0.9956062516018284
F_classif,30,9,0.840251643049662
F_classif,30,10,0.9861975563543931
F_classif,30,11,0.9973572681666333
F_classif,30,12,0.964993102699032
F_classif,30,13,0.975945844663509
F_classif,30,14,0.9978377486471721
Mutual_Info,30,1,-0.040080909561878056
Mutual_Info,30,2,0.9999931302960843
Mutual_Info,30,3,0.9999175110224231
Mutual_Info,30,4,0.9960277733343578
Mutual_Info,30,5,0.990393715688539
Mutual_Info,30,6,0.9958377245379648
Mutual_Info,30,7,0.7848301103534965
Mutual_Info,30,8,0.9943931295851577
Mutual_Info,30,9,0.8399735816727659
Mutual_Info,30,10,0.9872862932754877
Mutual_Info,30,11,0.956040145056022
Mutual_Info,30,12,0.9697419737151239
Mutual_Info,30,13,0.9758869514375311
Mutual_Info,30,14,0.998055768729837
Lasso,30,1,-0.03953048373604993
Lasso,30,2,0.9999942477046293
Lasso,30,3,0.9993598821933255
Lasso,30,4,0.994039232948653
Lasso,30,5,0.9939046285875316
Lasso,30,6,0.998615767560415
Lasso,30,7,0.9712899065365715
Lasso,30,8,0.9982052287709844
Lasso,30,9,0.8522579781672884
Lasso,30,10,0.9848158844324465
Lasso,30,11,0.9983131683825713
Lasso,30,12,0.9273794394795721
Lasso,30,13,0.991065802891224
Lasso,30,14,0.9981721244956068
Ridge,30,1,0.7031713356108044
Ridge,30,2,0.9999912386763051
Ridge,30,3,0.9993988244513965
Ridge,30,4,0.9956240594258947
Ridge,30,5,0.9997403094839971
Ridge,30,6,0.9993691927793925
Ridge,30,7,0.14867862450653074
Ridge,30,8,0.9954139547337532
Ridge,30,9,0.9531160785785358
Ridge,30,10,0.9677799886222139
Ridge,30,11,0.9994007990587529
Ridge,30,12,0.7219155609803872
Ridge,30,13,0.9834483019226209
Ridge,30,14,0.9978461225202017
Elastic_Net,30,1,0.7108065636083921
Elastic_Net,30,2,0.9999940876679184
Elastic_Net,30,3,0.9993596811871303
Elastic_Net,30,4,0.9939703200377197
Elastic_Net,30,5,0.9997309460765906
Elastic_Net,30,6,0.9986189231203986
Elastic_Net,30,7,0.9702157063822263
Elastic_Net,30,8,0.9986794977278105
Elastic_Net,30,9,0.953285282390156
Elastic_Net,30,10,0.9852172197737207
Elastic_Net,30,11,0.9982610456203257
Elastic_Net,30,12,0.9147731134854882
Elastic_Net,30,13,0.9813369471035517
Elastic_Net,30,14,0.9983434274672518
Random_Forest,30,1,0.6567057141364786
Random_Forest,30,2,0.9999940369840835
Random_Forest,30,3,0.9993643863827465
Random_Forest,30,4,0.9900259779777878
Random_Forest,30,5,0.999747146335326
Random_Forest,30,6,0.9986386628747808
Random_Forest,30,7,0.9762131098847705
Random_Forest,30,8,0.9969084758255797
Random_Forest,30,9,0.8390162614029372
Random_Forest,30,10,0.9760170445367818
Random_Forest,30,11,0.9982971880922625
Random_Forest,30,12,-0.043534936395025384
Random_Forest,30,13,0.9964552515291729
Random_Forest,30,14,0.9968856222740824
Gradient_Boosting,30,1,0.35117656712594725
Gradient_Boosting,30,2,0.9999924286650054
Gradient_Boosting,30,3,0.9993606123772907
Gradient_Boosting,30,4,0.9936829405605149
Gradient_Boosting,30,5,0.9938330656525918
Gradient_Boosting,30,6,0.9986396384649694
Gradient_Boosting,30,7,0.9752883704473018
Gradient_Boosting,30,8,0.9978798854505134
Gradient_Boosting,30,9,0.9458650542982154
Gradient_Boosting,30,10,0.9688165454050209
Gradient_Boosting,30,11,0.9974309645285915
Gradient_Boosting,30,12,0.888145991198291
Gradient_Boosting,30,13,0.9906747106656301
Gradient_Boosting,30,14,0.997811649159398
XGBoost,30,1,-0.03944060790458054
XGBoost,30,2,0.9999917660398955
XGBoost,30,3,0.9993569607397036
XGBoost,30,4,0.9575261403945435
XGBoost,30,5,0.25209852343655703
XGBoost,30,6,0.9965679891767029
XGBoost,30,7,0.9100190086704003
XGBoost,30,8,0.9929449139857294
XGBoost,30,9,0.8391902642756055
XGBoost,30,10,0.9715034323968361
XGBoost,30,11,0.29654519990464695
XGBoost,30,12,0.8853264664466236
XGBoost,30,13,0.9922496535754773
XGBoost,30,14,0.9979011573226378
Neural_Network,30,1,0.37206403254013726
Neural_Network,30,2,0.9999923427185192
Neural_Network,30,3,0.999878324646946
Neural_Network,30,4,0.9961147244555418
Neural_Network,30,5,0.9996921230245468
Neural_Network,30,6,0.998652747826222
Neural_Network,30,7,0.9235058206632643
Neural_Network,30,8,0.9944327588676546
Neural_Network,30,9,0.8384197400279867
Neural_Network,30,10,0.9690038399118241
Neural_Network,30,11,0.9974078913677145
Neural_Network,30,12,0.9139357753352682
Neural_Network,30,13,0.9965031609652661
Neural_Network,30,14,0.9979609143669416
GENBAIT,30,1,0.9265941090179942
GENBAIT,30,2,0.9999969578170497
GENBAIT,30,3,0.9999181662009948
GENBAIT,30,4,0.9963101231413679
GENBAIT,30,5,0.9904117896466367
GENBAIT,30,6,0.9958379616621383
GENBAIT,30,7,0.9719090286928604
GENBAIT,30,8,0.9956858723503791
GENBAIT,30,9,0.9805334678864438
GENBAIT,30,10,0.9865403120669294
GENBAIT,30,11,0.9559669536270741
GENBAIT,30,12,0.9539131633508088
GENBAIT,30,13,0.9904713496104861
GENBAIT,30,14,0.9978590567279582
Chi2,60,1,0.7926971229052693
Chi2,60,2,0.999996004677698
Chi2,60,3,0.9999580623082932
Chi2,60,4,0.998713664797943
Chi2,60,5,0.9997880691368015
Chi2,60,6,0.9996982737983001
Chi2,60,7,0.9835566237045835
Chi2,60,8,0.9996142403521852
Chi2,60,9,0.8522100754917744
Chi2,60,10,0.9889898787811292
Chi2,60,11,0.9993275796977045
Chi2,60,12,-0.04269433440486944
Chi2,60,13,0.9985408265767122
Chi2,60,14,0.9989567278335754
F_classif,60,1,0.7971372564441132
F_classif,60,2,0.9999947778614908
F_classif,60,3,0.999960315251575
F_classif,60,4,0.9984773034577179
F_classif,60,5,0.9997706488763539
F_classif,60,6,0.9996731472568245
F_classif,60,7,0.9803438835627656
F_classif,60,8,0.9995965999220556
F_classif,60,9,0.8521781659596035
F_classif,60,10,0.9869114042293582
F_classif,60,11,0.9993232128614579
F_classif,60,12,-0.042596073010965095
F_classif,60,13,0.9973860973068458
F_classif,60,14,0.9988905145347339
Mutual_Info,60,1,0.9195488631407891
Mutual_Info,60,2,0.9999973221033219
Mutual_Info,60,3,0.9999568663277775
Mutual_Info,60,4,0.9970152896757907
Mutual_Info,60,5,0.9996549924965126
Mutual_Info,60,6,0.9988826683918018
Mutual_Info,60,7,0.9792491472619417
Mutual_Info,60,8,0.9987838493672854
Mutual_Info,60,9,0.9865732190846221
Mutual_Info,60,10,0.9876151536663891
Mutual_Info,60,11,0.9975151318040714
Mutual_Info,60,12,0.9938737830561282
Mutual_Info,60,13,0.9827330156342656
Mutual_Info,60,14,0.9989196097625661
Lasso,60,1,0.7744845022404186
Lasso,60,2,0.9999973156876937
Lasso,60,3,0.9999207286300594
Lasso,60,4,0.9990325022296245
Lasso,60,5,0.9998198181409589
Lasso,60,6,0.9996505261990507
Lasso,60,7,0.9802761084505719
Lasso,60,8,0.9995063234780427
Lasso,60,9,0.8521560837337511
Lasso,60,10,0.9901486377178093
Lasso,60,11,0.9994995624588843
Lasso,60,12,-0.04333039984678364
Lasso,60,13,0.9999677872907109
Lasso,60,14,0.9993978939185668
Ridge,60,1,0.7595427605548403
Ridge,60,2,0.9999965095666732
Ridge,60,3,0.9999259736290415
Ridge,60,4,0.9989963381786804
Ridge,60,5,0.9998305380605589
Ridge,60,6,0.9996386172062083
Ridge,60,7,0.9883994659394914
Ridge,60,8,0.9992746654072189
Ridge,60,9,0.8521657114503866
Ridge,60,10,0.9906564094254204
Ridge,60,11,0.999497349047133
Ridge,60,12,-0.04210476494260573
Ridge,60,13,0.9999677033985142
Ridge,60,14,0.9992499157901888
Elastic_Net,60,1,0.7652171867143504
Elastic_Net,60,2,0.9999967006072126
Elastic_Net,60,3,0.99991773255538
Elastic_Net,60,4,0.9990908009404758
Elastic_Net,60,5,0.9998211823118123
Elastic_Net,60,6,0.9996473361301432
Elastic_Net,60,7,0.9872797156029789
Elastic_Net,60,8,0.9993731254737965
Elastic_Net,60,9,0.852165053766221
Elastic_Net,60,10,0.9899310016331714
Elastic_Net,60,11,0.9994985518558159
Elastic_Net,60,12,-0.04308940326198423
Elastic_Net,60,13,0.9999679678542641
Elastic_Net,60,14,0.999066528826048
Random_Forest,60,1,-0.03607633712216779
Random_Forest,60,2,0.9999966164080999
Random_Forest,60,3,0.999952507547747
Random_Forest,60,4,0.9995435258211972
Random_Forest,60,5,0.9998236707445278
Random_Forest,60,6,0.9996617150188757
Random_Forest,60,7,0.9835004907656912
Random_Forest,60,8,0.999559621528162
Random_Forest,60,9,0.8521124138066606
Random_Forest,60,10,0.9931257852044785
Random_Forest,60,11,0.9994981042023506
Random_Forest,60,12,0.9645917914618648
Random_Forest,60,13,0.9999696229663215
Random_Forest,60,14,0.9989561090334803
Gradient_Boosting,60,1,0.7895676127616357
Gradient_Boosting,60,2,0.9999974203815397
Gradient_Boosting,60,3,0.9999557655805381
Gradient_Boosting,60,4,0.9989177411221817
Gradient_Boosting,60,5,0.9998198972421369
Gradient_Boosting,60,6,0.9996602371078761
Gradient_Boosting,60,7,0.985852297556475
Gradient_Boosting,60,8,0.9994787473933694
Gradient_Boosting,60,9,0.8521107568098375
Gradient_Boosting,60,10,0.9900061289309278
Gradient_Boosting,60,11,0.9995025146825626
Gradient_Boosting,60,12,-0.042986597883860715
Gradient_Boosting,60,13,0.9999661036746187
Gradient_Boosting,60,14,0.998744439546956
XGBoost,60,1,0.7938280639988933
XGBoost,60,2,0.9999959280671263
XGBoost,60,3,0.9993638410047717
XGBoost,60,4,0.9927360695747629
XGBoost,60,5,0.9998094883458446
XGBoost,60,6,0.9989363625785299
XGBoost,60,7,0.9834589536697023
XGBoost,60,8,0.9964973933957154
XGBoost,60,9,0.8521966878206211
XGBoost,60,10,0.9912338742993253
XGBoost,60,11,0.99923211974555
XGBoost,60,12,-0.04315875533129332
XGBoost,60,13,0.9983364375613415
XGBoost,60,14,0.998693131532074
Neural_Network,60,1,0.9496348279751953
Neural_Network,60,2,0.9999974170425894
Neural_Network,60,3,0.9999847745195729
Neural_Network,60,4,0.9998838627141987
Neural_Network,60,5,0.9997875021620755
Neural_Network,60,6,0.9997843958963092
Neural_Network,60,7,0.9818828916956233
Neural_Network,60,8,0.9994634789366011
Neural_Network,60,9,0.9533069350971702
Neural_Network,60,10,0.9869551513071254
Neural_Network,60,11,0.9986289040894175
Neural_Network,60,12,0.9959804353165593
Neural_Network,60,13,0.9987613722082413
Neural_Network,60,14,0.9989679968728201
GENBAIT,60,1,0.989936982769156
GENBAIT,60,2,0.9999991484138556
GENBAIT,60,3,0.9999949330362711
GENBAIT,60,4,0.9999231045250315
GENBAIT,60,5,0.9996956195184402
GENBAIT,60,6,0.999835290372534
GENBAIT,60,7,0.9975896641244503
GENBAIT,60,8,0.9999142653143623
GENBAIT,60,9,0.9997932958160817
GENBAIT,60,10,0.9987994034555749
GENBAIT,60,11,0.9976941172541006
GENBAIT,60,12,0.9968696399805442
GENBAIT,60,13,0.9973897312681255
GENBAIT,60,14,0.9993004259810776
Chi2,90,1,0.9969793795766781
Chi2,90,2,0.999998423227198
Chi2,90,3,0.9999954052254387
Chi2,90,4,0.9999950463442373
Chi2,90,5,0.9998223578744343
Chi2,90,6,0.9998905464176244
Chi2,90,7,0.9994081278184607
Chi2,90,8,0.9999205283931435
Chi2,90,9,0.9999778743772162
Chi2,90,10,0.9984344169563465
Chi2,90,11,0.999641361147203
Chi2,90,12,0.999848096773815
Chi2,90,13,0.9999995417755119
Chi2,90,14,0.9993376422112091
F_classif,90,1,0.9978093680048595
F_classif,90,2,0.9999983728836545
F_classif,90,3,0.9999954294635792
F_classif,90,4,0.9999953273313974
F_classif,90,5,0.9998225744625888
F_classif,90,6,0.9998938607283939
F_classif,90,7,0.999238339591284
F_classif,90,8,0.9999314754696549
F_classif,90,9,0.9999795424641319
F_classif,90,10,0.9989097857921444
F_classif,90,11,0.9996410056263912
F_classif,90,12,0.9998207589985155
F_classif,90,13,0.9999992793583107
F_classif,90,14,0.9994498539486301
Mutual_Info,90,1,0.9987860525384238
Mutual_Info,90,2,0.9999998548171595
Mutual_Info,90,3,0.9999995460261596
Mutual_Info,90,4,0.9999836601560831
Mutual_Info,90,5,0.9997411928078285
Mutual_Info,90,6,0.9999802307027276
Mutual_Info,90,7,0.9994835171369035
Mutual_Info,90,8,0.9999916264425239
Mutual_Info,90,9,0.9998540202567362
Mutual_Info,90,10,0.9988461777515312
Mutual_Info,90,11,0.9987081744089613
Mutual_Info,90,12,0.9993846817589828
Mutual_Info,90,13,0.9987669053985168
Mutual_Info,90,14,0.9996132365717335
Lasso,90,1,0.8026283577607882
Lasso,90,2,0.9999992620795736
Lasso,90,3,0.9999709353051336
Lasso,90,4,0.9987640632178596
Lasso,90,5,0.9999843197146395
Lasso,90,6,0.9998135486636307
Lasso,90,7,0.9854737041026943
Lasso,90,8,0.9997041784495094
Lasso,90,9,0.852193530820469
Lasso,90,10,0.9941403627690386
Lasso,90,11,0.9999183643846655
Lasso,90,12,-0.03897862176315262
Lasso,90,13,0.9999667309162026
Lasso,90,14,0.9994532954597171
Ridge,90,1,0.8133764928398175
Ridge,90,2,0.999999139934739
Ridge,90,3,0.999970239090432
Ridge,90,4,0.9985504726659847
Ridge,90,5,0.9999918938863296
Ridge,90,6,0.9998280964940596
Ridge,90,7,0.9864648585054966
Ridge,90,8,0.999763151630372
Ridge,90,9,0.8521750241344607
Ridge,90,10,0.9944116851954519
Ridge,90,11,0.9999184905450966
Ridge,90,12,-0.04027718730209965
Ridge,90,13,0.9999666452319713
Ridge,90,14,0.9996711245731443
Elastic_Net,90,1,0.7983678767399316
Elastic_Net,90,2,0.9999992314945115
Elastic_Net,90,3,0.9999671967651761
Elastic_Net,90,4,0.9987540225557517
Elastic_Net,90,5,0.9999917863101174
Elastic_Net,90,6,0.9998116880673554
Elastic_Net,90,7,0.9859814065677935
Elastic_Net,90,8,0.999719363659808
Elastic_Net,90,9,0.8521790834885941
Elastic_Net,90,10,0.9942541738485866
Elastic_Net,90,11,0.9999188663986128
Elastic_Net,90,12,-0.03955013652839581
Elastic_Net,90,13,0.9999668408015022
Elastic_Net,90,14,0.9996373837388003
Random_Forest,90,1,0.983736173357324
Random_Forest,90,2,0.9999998275545324
Random_Forest,90,3,0.9999974706316966
Random_Forest,90,4,0.9999737966966348
Random_Forest,90,5,0.999990768044531
Random_Forest,90,6,0.9999464464791125
Random_Forest,90,7,0.9979644329167974
Random_Forest,90,8,0.9999086173230013
Random_Forest,90,9,0.9999715745258266
Random_Forest,90,10,0.9987473065707566
Random_Forest,90,11,0.9999957548715669
Random_Forest,90,12,0.9989419369255255
Random_Forest,90,13,0.9999998452613416
Random_Forest,90,14,0.9999115231285135
Gradient_Boosting,90,1,0.7893274957787426
Gradient_Boosting,90,2,0.9999992109831245
Gradient_Boosting,90,3,0.9999612367250927
Gradient_Boosting,90,4,0.9989103697525659
Gradient_Boosting,90,5,0.9999919421195664
Gradient_Boosting,90,6,0.9997764856074264
Gradient_Boosting,90,7,0.9857054553392016
Gradient_Boosting,90,8,0.9996960855304219
Gradient_Boosting,90,9,0.8521720186935373
Gradient_Boosting,90,10,0.9948969024046176
Gradient_Boosting,90,11,0.999918866954529
Gradient_Boosting,90,12,-0.04155452178785015
Gradient_Boosting,90,13,0.9999679495540766
Gradient_Boosting,90,14,0.99966521363589
XGBoost,90,1,0.8272445288881857
XGBoost,90,2,0.9999991866562851
XGBoost,90,3,0.9999691628920728
XGBoost,90,4,0.9981306608753097
XGBoost,90,5,0.999826445905192
XGBoost,90,6,0.9998032692307216
XGBoost,90,7,0.9869187957171724
XGBoost,90,8,0.9998989762086975
XGBoost,90,9,0.8521662629309947
XGBoost,90,10,0.9993787907387983
XGBoost,90,11,0.9995553410377852
XGBoost,90,12,-0.04133806622204292
XGBoost,90,13,0.9999704154715426
XGBoost,90,14,0.9994571714418548
Neural_Network,90,1,0.998710384161076
Neural_Network,90,2,0.9999998290171732
Neural_Network,90,3,0.9999995066800361
Neural_Network,90,4,0.9999847010158648
Neural_Network,90,5,0.9998569876425921
Neural_Network,90,6,0.9999805405606853
Neural_Network,90,7,0.9994518894953925
Neural_Network,90,8,0.9999848457050896
Neural_Network,90,9,0.9998659683616872
Neural_Network,90,10,0.9998095807036136
Neural_Network,90,11,0.9995811414785306
Neural_Network,90,12,0.9993435169783461
Neural_Network,90,13,0.9999993823964158
Neural_Network,90,14,0.9996205503407083
GENBAIT,90,1,0.9991056072402562
GENBAIT,90,2,0.9999996118614802
GENBAIT,90,3,0.9999998354512508
GENBAIT,90,4,0.9999949675877081
GENBAIT,90,5,0.9999686701799643
GENBAIT,90,6,0.9999807140353075
GENBAIT,90,7,0.9992546713066491
GENBAIT,90,8,0.9999751293369747
GENBAIT,90,9,0.9999743123640114
GENBAIT,90,10,0.9998006626502539
GENBAIT,90,11,0.9999288415905905
GENBAIT,90,12,0.9997114184722364
GENBAIT,90,13,0.9999996460875292
GENBAIT,90,14,0.9997707925541429
