Chi2_40,F_classif_40,Mutual_Info_40,Lasso_40,Ridge_40,Elastic_Net_40,Random_Forest_40,Gradient_Boosting_40,XGBoost_40,Neural_Network_40,GENBAIT_40,Chi2_60,F_classif_60,Mutual_Info_60,Lasso_60,Ridge_60,Elastic_Net_60,Random_Forest_60,Gradient_Boosting_60,XGBoost_60,Neural_Network_60,GENBAIT_60,Chi2_80,F_classif_80,Mutual_Info_80,Lasso_80,Ridge_80,Elastic_Net_80,Random_Forest_80,Gradient_Boosting_80,XGBoost_80,Neural_Network_80,GENBAIT_80
RPS20,RPS20,CYP2C1_sigseq,SYNE3_Nterm,CYP2C1_sigseq,CYP2C1_sigseq,COIL,PDHA1,PDHA1,COIL,AARS2,RPS20,RPS20,CYP2C1_sigseq,SYNE3_Nterm,CYP2C1_sigseq,CYP2C1_sigseq,COIL,PDHA1,PDHA1,COIL,AIFM1,RPS20,RPS20,CYP2C1_sigseq,SYNE3_Nterm,CYP2C1_sigseq,CYP2C1_sigseq,COIL,PDHA1,PDHA1,CYP2C1_sigseq,AARS2
SFXN1,PDHA1,RAB11A,COIL,COIL,COIL,TERF2IP,COIL,LRRC59_Cterm,CYP2C1_sigseq,AIFM1,SFXN1,PDHA1,RAB11A,COIL,COIL,COIL,TERF2IP,COIL,LRRC59_Cterm,CYP2C1_sigseq,AKAP1_target,SFXN1,PDHA1,RAB11A,COIL,COIL,COIL,TERF2IP,COIL,LRRC59_Cterm,COIL,AIFM1
PDHA1,SFXN1,HIST1H2BG,TERF2IP,SYNE3_Nterm,SYNE3_Nterm,AKAP1_target,TERF2IP,SEC61B_Nterm,TERF2IP,AKAP1_target,PDHA1,SFXN1,HIST1H2BG,TERF2IP,SYNE3_Nterm,SYNE3_Nterm,AKAP1_target,TERF2IP,SEC61B_Nterm,TERF2IP,APEX1,PDHA1,SFXN1,HIST1H2BG,TERF2IP,SYNE3_Nterm,SYNE3_Nterm,AKAP1_target,TERF2IP,SEC61B_Nterm,TERF2IP,AKAP1
LRRC59_Cterm,AKAP1_target,KRAS_target,AKAP1_target,AKAP1_target,RAB11A,HIST1H2BG,KRAS_Q61H,RPS20,HIST1H2BG,C11orf52,LRRC59_Cterm,AKAP1_target,KRAS_target,AKAP1_target,AKAP1_target,RAB11A,HIST1H2BG,KRAS_Q61H,RPS20,LAMTOR1_target_peptide,ARF6,LRRC59_Cterm,AKAP1_target,KRAS_target,AKAP1_target,AKAP1_target,RAB11A,HIST1H2BG,KRAS_Q61H,RPS20,SYNE3_Nterm,AKAP1_target
AKAP1_target,LRRC59_Cterm,PDHA1,RAB11A,TERF2IP,TERF2IP,PDHA1,HIST1H2BG,KRAS_Q61H,PDHA1,CALR3,AKAP1_target,LRRC59_Cterm,PDHA1,RAB11A,TERF2IP,TERF2IP,PDHA1,HIST1H2BG,KRAS_Q61H,PDHA1,BCAP31,AKAP1_target,LRRC59_Cterm,PDHA1,RAB11A,TERF2IP,TERF2IP,PDHA1,HIST1H2BG,KRAS_Q61H,KRAS_target,ARF6
CS,CS,KRAS_Q61H,PCM1,HNRNPA1,AKAP1_target,CYP2C1_sigseq,SYNE3_Nterm,SFXN1,RAB11A,CBX3,CS,CS,KRAS_Q61H,PCM1,HNRNPA1,AKAP1_target,CYP2C1_sigseq,SYNE3_Nterm,SFXN1,HIST1H2BG,CALR3,CS,CS,KRAS_Q61H,PCM1,HNRNPA1,AKAP1_target,CYP2C1_sigseq,SYNE3_Nterm,SFXN1,RAB11A,ASF1A
AARS2,RAB11A,GJD3,RPS20,RAB11A,FBL,RAB11A,SEC61B_Nterm,CTNNB1,SYNE3_Nterm,CD3EAP,AARS2,RAB11A,GJD3,RPS20,RAB11A,FBL,RAB11A,SEC61B_Nterm,CTNNB1,RAB11A,CAV1,AARS2,RAB11A,GJD3,RPS20,RAB11A,FBL,RAB11A,SEC61B_Nterm,CTNNB1,LAMTOR1_target_peptide,ATP2A1
SEC61B_Cterm,AARS2,SEC61B_Nterm,CYP2C1_sigseq,CBX3,CBX3,KRAS_target,KRAS_target,KRAS_target,RHOB,COIL,SEC61B_Cterm,AARS2,SEC61B_Nterm,CYP2C1_sigseq,CBX3,CBX3,KRAS_target,KRAS_target,KRAS_target,KRAS_target,CBX3,SEC61B_Cterm,AARS2,SEC61B_Nterm,CYP2C1_sigseq,CBX3,CBX3,KRAS_target,KRAS_target,KRAS_target,PDHA1,BORCS6
RPL31,SEC61B_Cterm,RHOB,SFXN1,FBL,RPS20,SYNE3_Nterm,RAB11A,SEC62,KRAS_Q61H,CS,RPL31,SEC61B_Cterm,RHOB,SFXN1,FBL,RPS20,SYNE3_Nterm,RAB11A,SEC62,COX8A_target,CD3EAP,RPL31,SEC61B_Cterm,RHOB,SFXN1,FBL,RPS20,SYNE3_Nterm,RAB11A,SEC62,RHOB,CAV1
RAB11A,CYP2C1_sigseq,TERF2IP,DDX23,RPS20,HNRNPA1,RPS20,AKAP1_target,RPL31,KRAS_target,CYP2C1_sigseq,RAB11A,CYP2C1_sigseq,TERF2IP,DDX23,RPS20,HNRNPA1,RPS20,AKAP1_target,RPL31,SYNE3_Nterm,CENPA,RAB11A,CYP2C1_sigseq,TERF2IP,DDX23,RPS20,HNRNPA1,RPS20,AKAP1_target,RPL31,KRAS_Q61H,CBX3
CYP2C1_sigseq,RPL31,LAMP2,HIST1H2BG,HIST1H2BG,PCM1,KRAS_Q61H,LAMP2,RAB11A,LAMTOR1_target_peptide,DDX23,CYP2C1_sigseq,RPL31,LAMP2,HIST1H2BG,HIST1H2BG,PCM1,KRAS_Q61H,LAMP2,RAB11A,CS,CEP135,CYP2C1_sigseq,RPL31,LAMP2,HIST1H2BG,HIST1H2BG,PCM1,KRAS_Q61H,LAMP2,RAB11A,LAMP2,CD3EAP
COIL,COIL,CS,DCTN1,PDHA1,LAMTOR1_target_peptide,SFXN1,LRRC59_Cterm,SYNE3_Nterm,CS,DHX8,COIL,COIL,CS,DCTN1,PDHA1,LAMTOR1_target_peptide,SFXN1,LRRC59_Cterm,SYNE3_Nterm,LAMP2,CLTA,COIL,COIL,CS,DCTN1,PDHA1,LAMTOR1_target_peptide,SFXN1,LRRC59_Cterm,SYNE3_Nterm,COX8A_target,CENPA
TERF2IP,SEC61B_Nterm,SEC62,DHX8,SFXN1,DDX23,RHOB,DHX8,LAMP2,COX8A_target,EMD,TERF2IP,SEC61B_Nterm,SEC62,DHX8,SFXN1,DDX23,RHOB,DHX8,LAMP2,RHOB,COIL,TERF2IP,SEC61B_Nterm,SEC62,DHX8,SFXN1,DDX23,RHOB,DHX8,LAMP2,CS,CEP135
HIST1H2BG,SEC62,COX8A_target,FBL,CD3EAP,SFXN1,HNRNPA1,CYP2C1_sigseq,SEC61B_Cterm,CD3EAP,GJD3,HIST1H2BG,SEC62,COX8A_target,FBL,CD3EAP,SFXN1,HNRNPA1,CYP2C1_sigseq,SEC61B_Cterm,KRAS_Q61H,COX4I1,HIST1H2BG,SEC62,COX8A_target,FBL,CD3EAP,SFXN1,HNRNPA1,CYP2C1_sigseq,SEC61B_Cterm,AKAP1_target,COIL
PDIA4,TERF2IP,LAMTOR1_target_peptide,SV40_NLS,DDX23,HIST1H2BG,CBX3,HNRNPA1,NDC80,AKAP1_target,HIST1H2BG,PDIA4,TERF2IP,LAMTOR1_target_peptide,SV40_NLS,DDX23,HIST1H2BG,CBX3,HNRNPA1,NDC80,DDX23,COX8A_target,PDIA4,TERF2IP,LAMTOR1_target_peptide,SV40_NLS,DDX23,HIST1H2BG,CBX3,HNRNPA1,NDC80,HIST1H2BG,COX4I1
COX8A_target,PDIA4,RAB9A,MAPRE3,COX4I1,PDHA1,DDX23,RHOB,HNRNPA1,DDX23,KRAS_target,COX8A_target,PDIA4,RAB9A,MAPRE3,COX4I1,PDHA1,DDX23,RHOB,HNRNPA1,AARS2,CS,COX8A_target,PDIA4,RAB9A,MAPRE3,COX4I1,PDHA1,DDX23,RHOB,HNRNPA1,DDX23,COX8A_target
SEC62,METTL7A,HSD17B11,NDC80,KRAS_target,CD3EAP,LAMP2,ACTB,DCTN1,AARS2,KRT8,SEC62,METTL7A,HSD17B11,NDC80,KRAS_target,CD3EAP,LAMP2,ACTB,DCTN1,AKAP1_target,CYP2C1_sigseq,SEC62,METTL7A,HSD17B11,NDC80,KRAS_target,CD3EAP,LAMP2,ACTB,DCTN1,CD3EAP,CS
KRAS_target,HSD17B11,LRRC59_Nterm,SEC61B_Cterm,LAMTOR1_target_peptide,SEC61B_Cterm,ACTB,RPS20,CS,SV40_NLS,LAMP2,KRAS_target,HSD17B11,LRRC59_Nterm,SEC61B_Cterm,LAMTOR1_target_peptide,SEC61B_Cterm,ACTB,RPS20,CS,CD3EAP,DCTN1,KRAS_target,HSD17B11,LRRC59_Nterm,SEC61B_Cterm,LAMTOR1_target_peptide,SEC61B_Cterm,ACTB,RPS20,CS,AARS2,CTNNB1
RPS24,HIST1H2BG,RPL31,CBX3,PCM1,SV40_NLS,CS,PCM1,TERF2IP,CBX3,LAMTOR1_target_peptide,RPS24,HIST1H2BG,RPL31,CBX3,PCM1,SV40_NLS,CS,PCM1,TERF2IP,PARP1,DDX23,RPS24,HIST1H2BG,RPL31,CBX3,PCM1,SV40_NLS,CS,PCM1,TERF2IP,SV40_NLS,CYP2C1_sigseq
KRAS_Q61H,COX8A_target,ZNF330_target,PDHA1,ASF1A,COX4I1,LAMTOR1_target_peptide,DCTN1,COX4I1,PARP1,MAPRE3,KRAS_Q61H,COX8A_target,ZNF330_target,PDHA1,ASF1A,COX4I1,LAMTOR1_target_peptide,DCTN1,COX4I1,CBX3,DHX8,KRAS_Q61H,COX8A_target,ZNF330_target,PDHA1,ASF1A,COX4I1,LAMTOR1_target_peptide,DCTN1,COX4I1,PARP1,DCTN1
SEC61B_Nterm,RPS24,SV40_NLS,LAMTOR1_target_peptide,CENPA,DHX8,DHX8,NDC80,AKAP1_target,LAMP2,OCLN,SEC61B_Nterm,RPS24,SV40_NLS,LAMTOR1_target_peptide,CENPA,DHX8,DHX8,NDC80,AKAP1_target,RAB9A,ELOVL5,SEC61B_Nterm,RPS24,SV40_NLS,LAMTOR1_target_peptide,CENPA,DHX8,DHX8,NDC80,AKAP1_target,LAMTOR1,DDX23
HNRNPA1,KRAS_target,COIL,RPL31,LAMP1,B3GAT1,SV40_NLS,SFXN1,HIST1H2BG,ZNF330_target,PCM1,HNRNPA1,KRAS_target,COIL,RPL31,LAMP1,B3GAT1,SV40_NLS,SFXN1,HIST1H2BG,SV40_NLS,FBL,HNRNPA1,KRAS_target,COIL,RPL31,LAMP1,B3GAT1,SV40_NLS,SFXN1,HIST1H2BG,RAB9A,DHX40
METTL7A,KRAS_Q61H,RAB35,B3GAT1,KRAS_Q61H,LAMP1,AARS2,CBX3,RDX,LAMTOR1,PDHA1,METTL7A,KRAS_Q61H,RAB35,B3GAT1,KRAS_Q61H,LAMP1,AARS2,CBX3,RDX,ZNF330_target,FLOT1,METTL7A,KRAS_Q61H,RAB35,B3GAT1,KRAS_Q61H,LAMP1,AARS2,CBX3,RDX,METTL7A,DHX8
SYNE3_Cterm,CALR3,AKAP1_target,LAMP2,PARP1,KRAS_target,SEC61B_Cterm,RPS24,BCAP31,PCM1,POLR1E,SYNE3_Cterm,CALR3,AKAP1_target,LAMP2,PARP1,KRAS_target,SEC61B_Cterm,RPS24,BCAP31,METTL7A,GJA1,SYNE3_Cterm,CALR3,AKAP1_target,LAMP2,PARP1,KRAS_target,SEC61B_Cterm,RPS24,BCAP31,STX7,ELOVL5
CALR3,SYNE3_Cterm,AARS2,ACTB,RHOB,CENPA,LRRC59_Cterm,SEC62,B3GAT1,CENPA,RAB11A,CALR3,SYNE3_Cterm,AARS2,ACTB,RHOB,CENPA,LRRC59_Cterm,SEC62,B3GAT1,LAMTOR1,GJD3,CALR3,SYNE3_Cterm,AARS2,ACTB,RHOB,CENPA,LRRC59_Cterm,SEC62,B3GAT1,CBX3,EMD
SERBP1,LAMP2,LRRC59_Cterm,CD3EAP,RPL31,DCTN1,RPL31,SV40_NLS,ACTB,STX7,RAB5C,SERBP1,LAMP2,LRRC59_Cterm,CD3EAP,RPL31,DCTN1,RPL31,SV40_NLS,ACTB,RPL31,HIST1H2BG,SERBP1,LAMP2,LRRC59_Cterm,CD3EAP,RPL31,DCTN1,RPL31,SV40_NLS,ACTB,ZNF330_target,FBL
PCM1,SSR1,DDX23,ASF1A,SEC61B_Cterm,LAMP2,PCM1,RPL31,COIL,GJD3,RPL31,PCM1,SSR1,DDX23,ASF1A,SEC61B_Cterm,LAMP2,PCM1,RPL31,COIL,GJD3,HSD17B11,PCM1,SSR1,DDX23,ASF1A,SEC61B_Cterm,LAMP2,PCM1,RPL31,COIL,RPL31,GJA1
DDX23,NIFK,B3GAT1,AIFM1,SV40_NLS,ACTB,NDC80,LAMTOR1_target_peptide,PDIA4,RAB9A,RPS20,DDX23,NIFK,B3GAT1,AIFM1,SV40_NLS,ACTB,NDC80,LAMTOR1_target_peptide,PDIA4,LAMP3,KRAS_Q61H,DDX23,NIFK,B3GAT1,AIFM1,SV40_NLS,ACTB,NDC80,LAMTOR1_target_peptide,PDIA4,PCM1,HIST1H2BG
DHX8,TRAP1,CD3EAP,COX4I1,B3GAT1,ASF1A,DCTN1,B3GAT1,PCM1,METTL7A,RPS24,DHX8,TRAP1,CD3EAP,COX4I1,B3GAT1,ASF1A,DCTN1,B3GAT1,PCM1,CENPA,KRAS_target,DHX8,TRAP1,CD3EAP,COX4I1,B3GAT1,ASF1A,DCTN1,B3GAT1,PCM1,CEP135,HSD17B11
LAMP2,RHOB,SSR1,METTL7A,DHX8,NDC80,B3GAT1,ASF1A,DHX8,RPL31,SEC61B_Cterm,LAMP2,RHOB,SSR1,METTL7A,DHX8,NDC80,B3GAT1,ASF1A,DHX8,STX7,KRT8,LAMP2,RHOB,SSR1,METTL7A,DHX8,NDC80,B3GAT1,ASF1A,DHX8,SEC61B_Nterm,KRAS_Q61H
NIFK,DERL1,ELOVL5,HNRNPA1,ACTB,RPL31,COX8A_target,MAPRE3,ACTR1A,RAB35,SEC62,NIFK,DERL1,ELOVL5,HNRNPA1,ACTB,RPL31,COX8A_target,MAPRE3,ACTR1A,SEC61B_Nterm,LAMP2,NIFK,DERL1,ELOVL5,HNRNPA1,ACTB,RPL31,COX8A_target,MAPRE3,ACTR1A,RPN1,KRAS_target
HSD17B11,CKAP4,SYNE3_Nterm,LRRC59_Cterm,AKAP1,RHOB,SEC61B_Nterm,METTL7A,Pxn,CEP135,SERBP1,HSD17B11,CKAP4,SYNE3_Nterm,LRRC59_Cterm,AKAP1,RHOB,SEC61B_Nterm,METTL7A,Pxn,EBAG9,LAMP3,HSD17B11,CKAP4,SYNE3_Nterm,LRRC59_Cterm,AKAP1,RHOB,SEC61B_Nterm,METTL7A,Pxn,RAB5A,KRT19
RHOB,SERBP1,METTL7A,COX8A_target,RPN1,MAPRE3,SEC62,POLR2C,POLR2C,RAB5A,SFXN1,RHOB,SERBP1,METTL7A,COX8A_target,RPN1,MAPRE3,SEC62,POLR2C,POLR2C,SEC61B_Cterm,LAMTOR1_target_peptide,RHOB,SERBP1,METTL7A,COX8A_target,RPN1,MAPRE3,SEC62,POLR2C,POLR2C,ATP2A1,LAMP1
TRAP1,DDX23,LAMP3,LAMP1,LAMTOR1,KRAS_Q61H,METTL7A,CENPA,PRPF8,LYN,SSR1,TRAP1,DDX23,LAMP3,LAMP1,LAMTOR1,KRAS_Q61H,METTL7A,CENPA,PRPF8,RAB5A,LRRC59_Cterm,TRAP1,DDX23,LAMP3,LAMP1,LAMTOR1,KRAS_Q61H,METTL7A,CENPA,PRPF8,LYN,LAMP2
RPS6,RPS6,RPN2,RPS24,ARF6,LAMTOR1,ASF1A,DDX23,EBAG9,RPN1,STX6,RPS6,RPS6,RPN2,RPS24,ARF6,LAMTOR1,ASF1A,DDX23,EBAG9,RPN1,LRRC59_Nterm,RPS6,RPS6,RPN2,RPS24,ARF6,LAMTOR1,ASF1A,DDX23,EBAG9,LAMP3,LAMP3
CBX3,RPN2,LYN,RPS6,POLR2C,ARF6,POLR2C,GJD3,NPM1,LRRC59_Cterm,SYNE3_Cterm,CBX3,RPN2,LYN,RPS6,POLR2C,ARF6,POLR2C,GJD3,NPM1,RAB35,MAPRE3,CBX3,RPN2,LYN,RPS6,POLR2C,ARF6,POLR2C,GJD3,NPM1,RAB35,LAMTOR1_target_peptide
SYNE3_Nterm,LRRC59_Nterm,HSD3B7,ANAPC2,COX8A_target,PEX3,CENPA,ANAPC2,CYP2C1_sigseq,ATP2A1,SYNE3_Nterm,SYNE3_Nterm,LRRC59_Nterm,HSD3B7,ANAPC2,COX8A_target,PEX3,CENPA,ANAPC2,CYP2C1_sigseq,LRRC59_Cterm,MARCKS,SYNE3_Nterm,LRRC59_Nterm,HSD3B7,ANAPC2,COX8A_target,PEX3,CENPA,ANAPC2,CYP2C1_sigseq,ARF6,LCK
NDC80,LNPK_Nterm,RPN1,NIFK,LAMP2,AKAP1,CD3EAP,RAB9A,AGPS,EBAG9,TERF2IP,NDC80,LNPK_Nterm,RPN1,NIFK,LAMP2,AKAP1,CD3EAP,RAB9A,AGPS,RAB4A,METTL7A,NDC80,LNPK_Nterm,RPN1,NIFK,LAMP2,AKAP1,CD3EAP,RAB9A,AGPS,ACTB,LRRC59_Cterm
NOP56,DHX8,STX7,LAMTOR1,DCTN1,CAV1,MAPRE3,LYN,AARS2,ARF6,TRIM36_Nterm,NOP56,DHX8,STX7,LAMTOR1,DCTN1,CAV1,MAPRE3,LYN,AARS2,ACTB,NDC80,NOP56,DHX8,STX7,LAMTOR1,DCTN1,CAV1,MAPRE3,LYN,AARS2,LRRC59_Cterm,LRRC59_Nterm
SSR1,PCM1,C11orf52,KRAS_target,RAB9A,PARP1,RPS24,SEC61B_Cterm,CAMSAP2,ASF1A,ZNF330_target,SSR1,PCM1,C11orf52,KRAS_target,RAB9A,PARP1,RPS24,SEC61B_Cterm,CAMSAP2,PCM1,NIFK,SSR1,PCM1,C11orf52,KRAS_target,RAB9A,PARP1,RPS24,SEC61B_Cterm,CAMSAP2,GJD3,LYN
,,,,,,,,,,,AIFM1,NOP56,RAB4A,PEX3,PEX3,RAB9A,ZNF330_target,CS,ANAPC2,ATP2A1,OCLN,AIFM1,NOP56,RAB4A,PEX3,PEX3,RAB9A,ZNF330_target,CS,ANAPC2,RAB4A,MAPRE1
,,,,,,,,,,,DERL1,AIFM1,SFXN1,CENPA,RAB5A,ACTR3,LYN,LAMTOR1,MAPRE3,TRAP1,PARP1,DERL1,AIFM1,SFXN1,CENPA,RAB5A,ACTR3,LYN,LAMTOR1,MAPRE3,LAMP1,MAPRE3
,,,,,,,,,,,LRRC59_Nterm,EMD,PARP1,GOLGA2,TUBB,ACBD5,PARP1,CD3EAP,DDX23,CEP135,PCM1,LRRC59_Nterm,EMD,PARP1,GOLGA2,TUBB,ACBD5,PARP1,CD3EAP,DDX23,POLR2C,METTL7A
,,,,,,,,,,,EMD,B3GAT1,CBX3,PARP1,CAV1,POLR2C,LAMTOR1,PFN1,TUBA4A,B3GAT1,PDHA1,EMD,B3GAT1,CBX3,PARP1,CAV1,POLR2C,LAMTOR1,PFN1,TUBA4A,C11orf52,NDC80
,,,,,,,,,,,LYN,STIM1,ATP2A1,EBAG9,LRRC59_Cterm,RPN1,EBAG9,EBAG9,RPS24,LYN,PFN1,LYN,STIM1,ATP2A1,EBAG9,LRRC59_Cterm,RPN1,EBAG9,EBAG9,RPS24,TRAP1,NIFK
,,,,,,,,,,,RPN1,HNRNPA1,CKAP4,SEC61B_Nterm,ACTR3,COX8A_target,COX4I1,DHFRL1,CENPA,LAMP1,RAB11A,RPN1,HNRNPA1,CKAP4,SEC61B_Nterm,ACTR3,COX8A_target,COX4I1,DHFRL1,CENPA,SEC61B_Cterm,NOP56
,,,,,,,,,,,LAMTOR1_target_peptide,SYNE3_Nterm,SEC61B_Cterm,AKAP1,ASH2L,CEP135,CEP135,NIFK,RAB9A,ARF6,RAB35,LAMTOR1_target_peptide,SYNE3_Nterm,SEC61B_Cterm,AKAP1,ASH2L,CEP135,CEP135,NIFK,RAB9A,SEC62,OCLN
,,,,,,,,,,,B3GAT1,RPN1,PXMP2,RPN1,POLR1E,DERL1,FBL,DERL1,RAB5A,ASF1A,RAB4A,B3GAT1,RPN1,PXMP2,RPN1,POLR1E,DERL1,FBL,DERL1,RAB5A,CENPA,PARD3
,,,,,,,,,,,RPN2,NDC80,CENPA,MAPRE1,GOLGA2,LRRC59_Cterm,PDIA4,PRPF8,METTL7A,SEC62,RAB9A,RPN2,NDC80,CENPA,MAPRE1,GOLGA2,LRRC59_Cterm,PDIA4,PRPF8,METTL7A,EBAG9,PARP1
,,,,,,,,,,,COX4I1,ATP2A1,SYNE3_Cterm,KRAS_Q61H,EBAG9,RAB2A,RPS6,FBL,COX8A_target,ELOVL5,RPL31,COX4I1,ATP2A1,SYNE3_Cterm,KRAS_Q61H,EBAG9,RAB2A,RPS6,FBL,COX8A_target,ASF1A,PCM1
,,,,,,,,,,,ELOVL5,CBX3,RPS24,CEP135,ACBD5,GOLGA2,ELOVL5,TUBB,ASH2L,DHX8,RPS20,ELOVL5,CBX3,RPS24,CEP135,ACBD5,GOLGA2,ELOVL5,TUBB,ASH2L,HSD3B7,PDHA1
,,,,,,,,,,,DCTN1,HSD3B7,ARF6,RHOB,NDC80,RPS6,RAB9A,ELOVL5,TUBB,C11orf52,RPS6,DCTN1,HSD3B7,ARF6,RHOB,NDC80,RPS6,RAB9A,ELOVL5,TUBB,HNRNPA1,PDIA4
,,,,,,,,,,,FBL,LAMTOR1_target_peptide,DERL1,TRIM36_Nterm,SQSTM1,SQSTM1,ANAPC2,Pxn,LATS1,HNRNPA1,SEC61B_Cterm,FBL,LAMTOR1_target_peptide,DERL1,TRIM36_Nterm,SQSTM1,SQSTM1,ANAPC2,Pxn,LATS1,ELOVL5,PFN1
,,,,,,,,,,,CKAP4,ELOVL5,GJA1,POLR2C,MAPRE3,EBAG9,DERL1,AGPS,LRRC59_Nterm,SFXN1,SEC61B_Nterm,CKAP4,ELOVL5,GJA1,POLR2C,MAPRE3,EBAG9,DERL1,AGPS,LRRC59_Nterm,FBL,PHB2
,,,,,,,,,,,ZNF330_target,LYN,PDIA4,GJD3,RPS24,CLTA,GJD3,SSR1,ASF1A,OCLN,SERBP1,ZNF330_target,LYN,PDIA4,GJD3,RPS24,CLTA,GJD3,SSR1,ASF1A,ANAPC2,PRPH
,,,,,,,,,,,ACTB,BCAP31,CAV1,PDIA4,CLTA,RPS24,TRAP1,LCK,LYN_target,PFN1,SFXN1,ACTB,BCAP31,CAV1,PDIA4,CLTA,RPS24,TRAP1,LCK,LYN_target,HSD17B11,RAB11A
,,,,,,,,,,,ATP2A1,RAB35,TRAP1,CS,KDM1A,ELOVL5,DHFRL1,COX8A_target,HSD3B7,HSD3B7,SV40_NLS,ATP2A1,RAB35,TRAP1,CS,KDM1A,ELOVL5,DHFRL1,COX8A_target,HSD3B7,RPS20,RAB4A
,,,,,,,,,,,CENPA,VAPA,COX4I1,POLR1E,PRPF8,POLR1E,LAMP3,LAMP1,EMD,RAB2A,SYNE3_Nterm,CENPA,VAPA,COX4I1,POLR1E,PRPF8,POLR1E,LAMP3,LAMP1,EMD,B3GAT1,RAB5A
,,,,,,,,,,,SV40_NLS,C11orf52,RAB5A,DERL1,ZNF330_target,RAB5A,RPN1,AARS2,ZFPL1,DERL1,TERF2IP,SV40_NLS,C11orf52,RAB5A,DERL1,ZNF330_target,RAB5A,RPN1,AARS2,ZFPL1,DHX8,RAB5C
,,,,,,,,,,,VAPA,COX4I1,BCAP31,RPN2,DERL1,SSR1,RAB4A,ACTR1A,DHFRL1,HSD17B11,TRIM36_Nterm,VAPA,COX4I1,BCAP31,RPN2,DERL1,SSR1,RAB4A,ACTR1A,DHFRL1,PFN1,RAB9A
,,,,,,,,,,,,,,,,,,,,,,MAPRE3,GJD3,EMD,ELOVL5,CEP135,METTL7A,RAB5A,ZNF330_target,CEP135,DERL1,RPL31
,,,,,,,,,,,,,,,,,,,,,,ASF1A,RAB9A,ZFPL1,CAV1,AGPS,GJD3,LAMP1,CAV1,RHOB,SFXN1,RPS20
,,,,,,,,,,,,,,,,,,,,,,HSD3B7,FBL,OCLN,NUP155_Nterm,GJD3,PRPF8,CALR3,AKAP1,LYN,OCLN,RPS6
,,,,,,,,,,,,,,,,,,,,,,CD3EAP,CALU,RPS6,SYNE3_Cterm,RAB2A,LCK,RAB35,ASH2L,SQSTM1,GJA1,SEC61B_Cterm
,,,,,,,,,,,,,,,,,,,,,,STIM1,ZNF330_target,RAB5C,ASH2L,LCK,AIFM1,NIFK,PARP1,TRIM36_Cterm,CAV1,SEC62
,,,,,,,,,,,,,,,,,,,,,,C11orf52,TMPO,APEX1,GJA1,ELOVL5,ASH2L,PFN1,EMD,RPN1,RAB2A,SERBP1
,,,,,,,,,,,,,,,,,,,,,,BCAP31,SV40_NLS,STX6,RAB9A,AIFM1,MAPRE1,C11orf52,RPN2,NUP155_Nterm,RPS24,SFXN1
,,,,,,,,,,,,,,,,,,,,,,RAB35,LAMP3,LNPK_Nterm,SERBP1,PRPH,VIM,SSR1,SQSTM1,CBX3,DHFRL1,STX6
,,,,,,,,,,,,,,,,,,,,,,RAB9A,CD3EAP,STX4,PRPF8,PDIA4,ZNF330_target,LCK,CTNNB1,NIFK,MLLT4,STX7
,,,,,,,,,,,,,,,,,,,,,,RAB4A,RAB4A,LAMP1,PFN1,PFN1,NUP155_Nterm,AIFM1,POLR1E,CKAP4,STX6,SV40_NLS
,,,,,,,,,,,,,,,,,,,,,,REEP5,CENPA,REEP5,AARS2,NUP155_Nterm,TUBB,SQSTM1,RAB4A,LAMTOR1,SSR1,SYNE3_Cterm
,,,,,,,,,,,,,,,,,,,,,,LAMP3,DCTN1,NUP155_Nterm,LAMP3,Pxn,CS,POLR1E,ACBD5,RAB3B_Nterm,TUBB,SYNE3_Nterm
,,,,,,,,,,,,,,,,,,,,,,GJD3,REEP5,AIFM1,RAB5A,METTL7A,KDM1A,AGPS,RAB35,POLR1E,RPS6,TERF2IP
,,,,,,,,,,,,,,,,,,,,,,CALU,ZFPL1,NOP56,LCK,DHFRL1,ANAPC2,PEX3,RAB5A,PFN1,CKAP4,TRIM36_Nterm
,,,,,,,,,,,,,,,,,,,,,,TRIM36_Nterm,EBAG9,EBAG9,GFAP,NUP50,RAB4A,CAV1,GOLGA2,RPN2,RAB3B_Nterm,VAPA
,,,,,,,,,,,,,,,,,,,,,,EBAG9,ACTB,DCTN1,DHFRL1,CS,DHFRL1,ARF6,RPS6,LAMTOR1_target_peptide,NUP155_Nterm,VCL
,,,,,,,,,,,,,,,,,,,,,,ZFPL1,MAPRE3,NDC80,SQSTM1,RPS6,STX7,STX7,MAPRE1,CALR3,SQSTM1,VIM
,,,,,,,,,,,,,,,,,,,,,,LNPK_Nterm,CAV1,RPS20,SSR1,ANAPC2,PDIA4,HSD17B11,PEX3,VCL,CXADR,ZFPL1
,,,,,,,,,,,,,,,,,,,,,,PARP1,STX7,NIFK,BORCS6,ATP2A1,SEC61B_Nterm,SERBP1,HSD3B7,KDM1A,Pxn,ZNF330_target
,,,,,,,,,,,,,,,,,,,,,,PHB2,PARP1,LAMTOR1,VIM,VIM,RPN2,PRPF8,KDM1A,BORCS6,RAB5C,ZYX
